Dimension,Min,Q1,Median,Q3,Max,Mean
Accessibility,0.5,0.75,0.8083116623324664,0.8739,0.9375,0.7747960894101897
Contextual,0.1766666666666666,0.3333333333333333,0.3333333333333333,0.3383333333333333,0.5833333333333333,0.34589743589743593
Dataset-dynamicity,0.0,0.25,0.25,0.25,0.25,0.21153846153846154
Intrinsic,0.175984230046426,0.5443735054635617,0.5816390914777327,0.5984468909420653,0.6488830939907554,0.528278603481021
Representational,0.3293010752688172,0.5624957221357667,0.6240265010976397,0.6852074105490239,0.7916666666666666,0.6128991673874951
Trust,0.3050197198027741,0.3700025061630804,0.3700053707177956,0.4716819823620755,0.5551074149891043,0.41561499348506364
