Dimension,Min,Q1,Median,Q3,Max,Mean
Accessibility,0.564375,0.6259375,0.6875,0.7191562499999999,0.7508125,0.6675625
Contextual,0.1766666666666666,0.25499999999999995,0.3333333333333333,0.3408333333333333,0.3483333333333333,0.28611111111111104
Dataset-dynamicity,0.0,0.125,0.25,0.25,0.25,0.16666666666666666
Intrinsic,0.550044213767105,0.5537171007199455,0.5573899876727861,0.6031365408317708,0.6488830939907554,0.5854390984768821
Representational,0.4999996110162035,0.5185356470116984,0.5370716830071932,0.5619418543023504,0.5868120255975078,0.5412944398736349
Trust,0.3605650717541566,0.4308370187568774,0.5011089657595983,0.5141674748752905,0.5272259839909826,0.4629666738349125
