Dimension,Min,Q1,Median,Q3,Max,Mean
Accessibility,0.501875,0.625,0.704251269035533,0.7508125,0.9375,0.7038877538071067
Contextual,0.1666666666666666,0.3333333333333333,0.3333333333333333,0.3383333333333333,0.3483333333333333,0.30399999999999994
Dataset-dynamicity,0.0,0.25,0.25,0.25,0.25,0.2
Intrinsic,0.273453875,0.5482728498213498,0.5602174199780101,0.6449011194667086,0.6488830939907554,0.5351456716513647
Representational,0.375,0.5155023307163886,0.5459085587316675,0.5868120255975078,0.7169439007989735,0.5480333631689075
Trust,0.3605580619505479,0.3605580670715838,0.3700025059043332,0.3700025912400104,0.5011089657595983,0.39244603838521475
