Dimension,Min,Q1,Median,Q3,Max,Mean
Accessibility,0.7508125,0.7649547413793103,0.7790969827586207,0.793239224137931,0.8073814655172413,0.7790969827586207
Contextual,0.3333333333333333,0.3370833333333333,0.3408333333333333,0.3445833333333333,0.3483333333333333,0.3408333333333333
Dataset-dynamicity,0.25,0.25,0.25,0.25,0.25,0.25
Intrinsic,0.2003058891918243,0.3124501903915571,0.4245944915912898,0.5367387927910227,0.6488830939907554,0.4245944915912898
Representational,0.5868120255975078,0.6078521971149353,0.6288923686323629,0.6499325401497903,0.6709727116672178,0.6288923686323629
Trust,0.5011089657595983,0.5076379072153244,0.5141668486710507,0.5206957901267768,0.5272247315825029,0.5141668486710507
