Dimension,Min,Q1,Median,Q3,Max,Mean
Accessibility,0.75,0.750609375,0.75103125,0.7665625,0.8125,0.766140625
Contextual,0.3333333333333333,0.3333333333333333,0.3408333333333333,0.3608333333333333,0.3983333333333333,0.35333333333333333
Dataset-dynamicity,0.25,0.25,0.25,0.25,0.25,0.25
Intrinsic,0.4230229122612099,0.5120912746297184,0.5946613573934554,0.6478772630234562,0.6488830939907554,0.565307180259719
Representational,0.533787642932672,0.5735559299312989,0.6454515138084773,0.7125577617619456,0.7379580409894421,0.6406621778847672
Trust,0.4162867468605533,0.4578304202092981,0.48639363854257234,0.5076379068226766,0.5272247300119114,0.4790746884894024
