Dimension,Min,Q1,Median,Q3,Max,Mean
Accessibility,0.3751875,0.62546875,0.65720625,0.70760625,0.975,0.66875
Contextual,0.1666666666666666,0.1666666666666666,0.3333333333333333,0.3333333333333333,0.3483333333333333,0.26791666666666664
Dataset-dynamicity,0.25,0.25,0.25,0.75,0.75,0.4
Intrinsic,0.2007058554982678,0.4309313901800192,0.5895385502569732,0.6002932429407929,0.6488830939907554,0.49984116510680787
Representational,0.1628151260504201,0.4560473807978239,0.5807436239676328,0.6766814190649182,0.7166982987686341,0.5255063907926091
Trust,0.3883372875944798,0.47166937543466697,0.49944769575707626,0.5341836685326965,0.55517275105603,0.4944685188874426
