Dimension,Min,Q1,Median,Q3,Max,Mean
Accessibility,0.515,0.626875,0.6275,0.635,0.8930555555555555,0.6525894125976094
Contextual,0.1666666666666666,0.3333333333333333,0.3333333333333333,0.3333333333333333,0.5,0.33424603174603174
Dataset-dynamicity,0.0,0.25,0.75,0.75,0.75,0.5952380952380952
Intrinsic,0.17344925,0.6442708135877468,0.6466405760128825,0.6466405760128825,0.6488830939907554,0.6095526498469693
Representational,0.2083333333333333,0.4666408871527142,0.4666408871527142,0.4666408871527142,0.7119600912456595,0.46976236622969786
Trust,0.3050479627275873,0.47166975352052637,0.4716948154884955,0.47172938602035586,0.527454793668969,0.459206461235945
