Dimension,Min,Q1,Median,Q3,Max,Mean
Accessibility,0.3125,0.595,0.6875,0.7504062499999999,0.979025,0.6701183333333333
Contextual,0.1666666666666666,0.3333333333333333,0.3333333333333333,0.3408333333333333,0.3483333333333333,0.31611111111111106
Dataset-dynamicity,0.0,0.25,0.25,0.25,0.75,0.26666666666666666
Intrinsic,0.173475,0.31135385408911964,0.5460583741694649,0.6015553641229305,0.6488830939907554,0.45828961053163725
Representational,0.1398809523809523,0.5196227368402491,0.5868120255975078,0.6547582603351702,0.7898831368281061,0.5566744148635704
Trust,0.2588940788324738,0.41612851470933865,0.471669326225427,0.5272249265077824,0.610583335899766,0.458869224446308
