Dimension,Min,Q1,Median,Q3,Max,Mean
Accessibility,0.25,0.526875,0.625,0.6875,0.9375,0.6164961491944203
Contextual,0.1666666666666666,0.1666666666666666,0.3333333333333333,0.3333333333333333,0.3433333333333333,0.2811666666666667
Dataset-dynamicity,0.0,0.0,0.25,0.25,0.75,0.25357142857142856
Intrinsic,0.0,0.17344925,0.3735028661223436,0.5980448608250437,0.6475419860343564,0.3821523633798189
Representational,0.2083333333333333,0.2083333333333333,0.5255858411470988,0.6234740853463268,0.7916666666666666,0.4750593022589917
Trust,0.2222247281110609,0.2772247281110609,0.3605580614443943,0.43695108279881206,0.6105580614443943,0.36954303510296244
