Dimension,Min,Q1,Median,Q3,Max,Mean
Accessibility,0.25,0.624971875,0.6275,0.730015625,0.979025,0.6593992797852765
Contextual,0.1666666666666666,0.3333333333333333,0.3333333333333333,0.3333333333333333,0.5833333333333333,0.3131118143459915
Dataset-dynamicity,0.0,0.25,0.25,0.75,0.75,0.379746835443038
Intrinsic,0.0,0.5002679723075873,0.597689777775392,0.6412312195716278,0.6488830939907554,0.5342430469394929
Representational,0.1398809523809523,0.4666408871527142,0.5824425812033053,0.6955490979767522,0.7916666666666666,0.5678066202673965
Trust,0.2588913947777276,0.3605580769894205,0.4716691725555055,0.47170699075250466,0.610583335899766,0.42680171290577107
