Dimension,Min,Q1,Median,Q3,Max,Mean
Accessibility,0.501875,0.5025,0.5025,0.678690625,0.9375,0.6017387944739871
Contextual,0.3333333333333333,0.3333333333333333,0.3333333333333333,0.3383333333333333,0.4133333333333333,0.338186274509804
Dataset-dynamicity,0.25,0.25,0.25,0.25,0.75,0.2647058823529412
Intrinsic,0.2003058891918243,0.597689777775392,0.597689777775392,0.597689777775392,0.6488830939907554,0.5578508951608494
Representational,0.462264060714342,0.6885602120157284,0.7387505770840112,0.7387505770840112,0.7554323368202873,0.7055492332258366
Trust,0.3050039849959124,0.31444704510245824,0.31444714129341855,0.4438932314805949,0.5550487028222933,0.3683693693741906
